date,abbr,p_title,p_playoffs,wins_p50
2026-10-09,SAS,0.2158,0.9863,59
2026-10-09,OKC,0.1136,0.9603,54
2026-10-09,DET,0.1099,0.9121,54
2026-10-09,DEN,0.0996,0.9505,54
2026-10-09,HOU,0.0721,0.92,51
2026-10-09,BOS,0.0703,0.8667,52
2026-10-09,CHA,0.0616,0.8378,50
2026-10-09,NYK,0.0578,0.8305,50
2026-10-09,CLE,0.0493,0.8076,49
2026-10-09,ORL,0.0248,0.6828,46
2026-10-09,TOR,0.0239,0.6726,46
2026-10-09,ATL,0.0237,0.7016,46
2026-10-09,LAL,0.0226,0.7839,45
2026-10-09,PHI,0.0196,0.6544,45
2026-10-09,PHX,0.0083,0.6692,42
2026-10-09,MIN,0.0074,0.5998,41
2026-10-09,POR,0.0052,0.5464,39
2026-10-09,MIA,0.0052,0.4511,40
2026-10-09,UTA,0.0026,0.4142,36
2026-10-09,NOP,0.0024,0.3788,36
2026-10-09,MIL,0.0016,0.2212,34
2026-10-09,CHI,0.0008,0.1746,33
2026-10-09,GSW,0.0006,0.2062,31
2026-10-09,IND,0.0003,0.0651,28
2026-10-09,DAL,0.0002,0.1722,30
2026-10-09,BKN,0.0002,0.106,30
2026-10-09,LAC,0.0002,0.1408,29
2026-10-09,SAC,0.0002,0.1403,28
2026-10-09,MEM,0.0002,0.1311,28
2026-10-09,WAS,0.0,0.0159,22
